<?xml version="1.0" encoding="UTF-8"?>
<GenRun Id="clk_12Mhz_synth_1" LaunchPart="xc7a100tcsg324-1" LaunchTime="1732100020">
  <File Type="PA-TCL" Name="clk_12Mhz.tcl"/>
  <File Type="RDS-PROPCONSTRS" Name="clk_12Mhz_drc_synth.rpt"/>
  <File Type="RDS-RDS" Name="clk_12Mhz.vds"/>
  <File Type="RDS-UTIL" Name="clk_12Mhz_utilization_synth.rpt"/>
  <File Type="RDS-UTIL-PB" Name="clk_12Mhz_utilization_synth.pb"/>
  <File Type="RDS-DCP" Name="clk_12Mhz.dcp"/>
  <File Type="VDS-TIMINGSUMMARY" Name="clk_12Mhz_timing_summary_synth.rpt"/>
  <File Type="VDS-TIMING-PB" Name="clk_12Mhz_timing_summary_synth.pb"/>
  <FileSet Name="sources" Type="BlockSrcs" RelSrcDir="$PSRCDIR/clk_12Mhz">
    <File Path="$PSRCDIR/sources_1/ip/clk_12Mhz/clk_12Mhz.xci">
      <FileInfo>
        <Attr Name="ImportPath" Val="$PPRDIR/../../../Documents/4 TELECO/DSED/Punto_1_test_ok/Punto_1_test_ok/Punto_1_test_ok.srcs/sources_1/ip/clk_12Mhz/clk_12Mhz.xci"/>
        <Attr Name="ImportTime" Val="1732100002"/>
        <Attr Name="UsedIn" Val="synthesis"/>
        <Attr Name="UsedIn" Val="implementation"/>
        <Attr Name="UsedIn" Val="simulation"/>
      </FileInfo>
    </File>
    <Config>
      <Option Name="TopModule" Val="clk_12Mhz"/>
      <Option Name="UseBlackboxStub" Val="1"/>
    </Config>
  </FileSet>
  <FileSet Name="constrs_in" Type="BlockSrcs" RelSrcDir="$PSRCDIR/clk_12Mhz">
    <File Path="$PSRCDIR/sources_1/ip/clk_12Mhz/clk_12Mhz.xci">
      <FileInfo>
        <Attr Name="ImportPath" Val="$PPRDIR/../../../Documents/4 TELECO/DSED/Punto_1_test_ok/Punto_1_test_ok/Punto_1_test_ok.srcs/sources_1/ip/clk_12Mhz/clk_12Mhz.xci"/>
        <Attr Name="ImportTime" Val="1732100002"/>
        <Attr Name="UsedIn" Val="synthesis"/>
        <Attr Name="UsedIn" Val="implementation"/>
        <Attr Name="UsedIn" Val="simulation"/>
      </FileInfo>
    </File>
    <Config>
      <Option Name="TopModule" Val="clk_12Mhz"/>
      <Option Name="UseBlackboxStub" Val="1"/>
    </Config>
  </FileSet>
  <Strategy Version="1" Minor="2">
    <StratHandle Name="Vivado Synthesis Defaults" Flow="Vivado Synthesis 2017"/>
    <Step Id="synth_design"/>
  </Strategy>
</GenRun>
