<?xml version="1.0" encoding="UTF-8"?>
<GenRun Id="synth_1" LaunchPart="xc7a100tcsg324-1" LaunchTime="1732110942">
  <File Type="PA-TCL" Name="simpleAudioSystem.tcl"/>
  <File Type="RDS-PROPCONSTRS" Name="simpleAudioSystem_drc_synth.rpt"/>
  <File Type="RDS-RDS" Name="simpleAudioSystem.vds"/>
  <File Type="RDS-UTIL" Name="simpleAudioSystem_utilization_synth.rpt"/>
  <File Type="RDS-UTIL-PB" Name="simpleAudioSystem_utilization_synth.pb"/>
  <File Type="RDS-DCP" Name="simpleAudioSystem.dcp"/>
  <File Type="VDS-TIMINGSUMMARY" Name="simpleAudioSystem_timing_summary_synth.rpt"/>
  <File Type="VDS-TIMING-PB" Name="simpleAudioSystem_timing_summary_synth.pb"/>
  <FileSet Name="sources" Type="DesignSrcs" RelSrcDir="$PSRCDIR/sources_1">
    <Filter Type="Srcs"/>
    <File Path="$PSRCDIR/sources_1/imports/new/gen_enables.vhd">
      <FileInfo>
        <Attr Name="ImportPath" Val="$PPRDIR/../Punto_1_test_ok/Proyecto_final_15_11/proyecto_final_13_11/proyecto_final_13_11/proyecto_final_08_11/proyecto_final/super_grabadora_atomica_de_la_muerte/super_grabadora_atomica_de_la_muerte.srcs/sources_1/new/gen_enables.vhd"/>
        <Attr Name="ImportTime" Val="1731576353"/>
        <Attr Name="UsedIn" Val="synthesis"/>
        <Attr Name="UsedIn" Val="simulation"/>
      </FileInfo>
    </File>
    <File Path="$PSRCDIR/sources_1/imports/new/packageDSED.vhd">
      <FileInfo>
        <Attr Name="ImportPath" Val="$PPRDIR/../Punto_1_test_ok/Proyecto_final_15_11/proyecto_final_13_11/proyecto_final_13_11/proyecto_final_08_11/proyecto_final/super_grabadora_atomica_de_la_muerte/super_grabadora_atomica_de_la_muerte.srcs/sources_1/new/packageDSED.vhd"/>
        <Attr Name="ImportTime" Val="1731576353"/>
        <Attr Name="UsedIn" Val="synthesis"/>
        <Attr Name="UsedIn" Val="simulation"/>
      </FileInfo>
    </File>
    <File Path="$PSRCDIR/sources_1/imports/new/inputMicrophone.vhd">
      <FileInfo>
        <Attr Name="ImportPath" Val="$PPRDIR/../Punto_1_test_ok/Proyecto_final_15_11/proyecto_final_13_11/proyecto_final_13_11/proyecto_final_08_11/proyecto_final/super_grabadora_atomica_de_la_muerte/super_grabadora_atomica_de_la_muerte.srcs/sources_1/new/inputMicrophone.vhd"/>
        <Attr Name="ImportTime" Val="1731576353"/>
        <Attr Name="UsedIn" Val="synthesis"/>
        <Attr Name="UsedIn" Val="simulation"/>
      </FileInfo>
    </File>
    <File Path="$PSRCDIR/sources_1/new/outputMicrophone.vhd">
      <FileInfo>
        <Attr Name="ImportPath" Val="$PPRDIR/../Punto_1_test_ok/Proyecto_final_15_11/Proyecto_final_ñapa_histórica/Proyecto_final_ñapa_histórica.srcs/sources_1/new/outputMicrophone.vhd"/>
        <Attr Name="ImportTime" Val="1731672180"/>
        <Attr Name="UsedIn" Val="synthesis"/>
        <Attr Name="UsedIn" Val="simulation"/>
      </FileInfo>
    </File>
    <File Path="$PSRCDIR/sources_1/new/audioInterface.vhd">
      <FileInfo>
        <Attr Name="ImportPath" Val="$PPRDIR/../Punto_1_test_ok/Proyecto_final_16_11/Proyecto_final_16_11.srcs/sources_1/new/audioInterface.vhd"/>
        <Attr Name="ImportTime" Val="1731714244"/>
        <Attr Name="UsedIn" Val="synthesis"/>
        <Attr Name="UsedIn" Val="simulation"/>
      </FileInfo>
    </File>
    <File Path="$PSRCDIR/sources_1/new/simpleAudioSystem.vhd">
      <FileInfo>
        <Attr Name="ImportPath" Val="$PPRDIR/../../../Documents/4 TELECO/DSED/Punto_1_test_ok/Punto_1_test_ok/Punto_1_test_ok.srcs/sources_1/new/simpleAudioSystem.vhd"/>
        <Attr Name="ImportTime" Val="1732110261"/>
        <Attr Name="UsedIn" Val="synthesis"/>
        <Attr Name="UsedIn" Val="simulation"/>
      </FileInfo>
    </File>
    <Config>
      <Option Name="DesignMode" Val="RTL"/>
      <Option Name="TopModule" Val="simpleAudioSystem"/>
    </Config>
  </FileSet>
  <FileSet Name="constrs_in" Type="Constrs" RelSrcDir="$PSRCDIR/constrs_1">
    <Filter Type="Constrs"/>
    <File Path="$PSRCDIR/constrs_1/imports/DSED/Nexys4DDR_Master.xdc">
      <FileInfo>
        <Attr Name="ImportPath" Val="$PPRDIR/../../../Documents/4 TELECO/DSED/Nexys4DDR_Master.xdc"/>
        <Attr Name="ImportTime" Val="1732109818"/>
        <Attr Name="UsedIn" Val="synthesis"/>
        <Attr Name="UsedIn" Val="implementation"/>
      </FileInfo>
    </File>
    <Config>
      <Option Name="ConstrsType" Val="XDC"/>
    </Config>
  </FileSet>
  <Strategy Version="1" Minor="2">
    <StratHandle Name="Vivado Synthesis Defaults" Flow="Vivado Synthesis 2017"/>
    <Step Id="synth_design"/>
  </Strategy>
  <BlockFileSet Type="BlockSrcs" Name="clk_12Mhz"/>
</GenRun>
