<?xml version="1.0" encoding="UTF-8"?>
<GenRun Id="impl_1" LaunchPart="xc7a100tcsg324-1" LaunchTime="1732110942">
  <File Type="ROUTE-PWR-RPX" Name="simpleAudioSystem_power_routed.rpx"/>
  <File Type="PA-TCL" Name="simpleAudioSystem.tcl"/>
  <File Type="INIT-TIMING" Name="simpleAudioSystem_timing_summary_init.rpt"/>
  <File Type="OPT-METHODOLOGY-DRC" Name="simpleAudioSystem_methodology_drc_opted.rpt"/>
  <File Type="PWROPT-DRC" Name="simpleAudioSystem_drc_pwropted.rpt"/>
  <File Type="RDI-RDI" Name="simpleAudioSystem.vdi"/>
  <File Type="OPT-DCP" Name="simpleAudioSystem_opt.dcp"/>
  <File Type="OPT-HWDEF" Name="simpleAudioSystem.hwdef"/>
  <File Type="OPT-DRC" Name="simpleAudioSystem_drc_opted.rpt"/>
  <File Type="OPT-TIMING" Name="simpleAudioSystem_timing_summary_opted.rpt"/>
  <File Type="PWROPT-DCP" Name="simpleAudioSystem_pwropt.dcp"/>
  <File Type="PWROPT-TIMING" Name="simpleAudioSystem_timing_summary_pwropted.rpt"/>
  <File Type="PLACE-DCP" Name="simpleAudioSystem_placed.dcp"/>
  <File Type="PLACE-IO" Name="simpleAudioSystem_io_placed.rpt"/>
  <File Type="PLACE-CLK" Name="simpleAudioSystem_clock_utilization_placed.rpt"/>
  <File Type="PLACE-UTIL" Name="simpleAudioSystem_utilization_placed.rpt"/>
  <File Type="PLACE-UTIL-PB" Name="simpleAudioSystem_utilization_placed.pb"/>
  <File Type="PLACE-CTRL" Name="simpleAudioSystem_control_sets_placed.rpt"/>
  <File Type="PLACE-SIMILARITY" Name="simpleAudioSystem_incremental_reuse_placed.rpt"/>
  <File Type="PLACE-PRE-SIMILARITY" Name="simpleAudioSystem_incremental_reuse_pre_placed.rpt"/>
  <File Type="PLACE-TIMING" Name="simpleAudioSystem_timing_summary_placed.rpt"/>
  <File Type="POSTPLACE-PWROPT-DCP" Name="simpleAudioSystem_postplace_pwropt.dcp"/>
  <File Type="POSTPLACE-PWROPT-TIMING" Name="simpleAudioSystem_timing_summary_postplace_pwropted.rpt"/>
  <File Type="PHYSOPT-DCP" Name="simpleAudioSystem_physopt.dcp"/>
  <File Type="PHYSOPT-DRC" Name="simpleAudioSystem_drc_physopted.rpt"/>
  <File Type="PHYSOPT-TIMING" Name="simpleAudioSystem_timing_summary_physopted.rpt"/>
  <File Type="ROUTE-ERROR-DCP" Name="simpleAudioSystem_routed_error.dcp"/>
  <File Type="ROUTE-DCP" Name="simpleAudioSystem_routed.dcp"/>
  <File Type="ROUTE-BLACKBOX-DCP" Name="simpleAudioSystem_routed_bb.dcp"/>
  <File Type="ROUTE-DRC" Name="simpleAudioSystem_drc_routed.rpt"/>
  <File Type="ROUTE-DRC-PB" Name="simpleAudioSystem_drc_routed.pb"/>
  <File Type="ROUTE-DRC-RPX" Name="simpleAudioSystem_drc_routed.rpx"/>
  <File Type="BG-BIN" Name="simpleAudioSystem.bin"/>
  <File Type="ROUTE-METHODOLOGY-DRC" Name="simpleAudioSystem_methodology_drc_routed.rpt"/>
  <File Type="BG-DRC" Name="simpleAudioSystem.drc"/>
  <File Type="ROUTE-METHODOLOGY-DRC-RPX" Name="simpleAudioSystem_methodology_drc_routed.rpx"/>
  <File Type="BITSTR-MSK" Name="simpleAudioSystem.msk"/>
  <File Type="ROUTE-METHODOLOGY-DRC-PB" Name="simpleAudioSystem_methodology_drc_routed.pb"/>
  <File Type="BG-BGN" Name="simpleAudioSystem.bgn"/>
  <File Type="ROUTE-PWR" Name="simpleAudioSystem_power_routed.rpt"/>
  <File Type="ROUTE-PWR-SUM" Name="simpleAudioSystem_power_summary_routed.pb"/>
  <File Type="ROUTE-STATUS" Name="simpleAudioSystem_route_status.rpt"/>
  <File Type="ROUTE-STATUS-PB" Name="simpleAudioSystem_route_status.pb"/>
  <File Type="ROUTE-TIMINGSUMMARY" Name="simpleAudioSystem_timing_summary_routed.rpt"/>
  <File Type="ROUTE-TIMING-PB" Name="simpleAudioSystem_timing_summary_routed.pb"/>
  <File Type="ROUTE-TIMING-RPX" Name="simpleAudioSystem_timing_summary_routed.rpx"/>
  <File Type="ROUTE-SIMILARITY" Name="simpleAudioSystem_incremental_reuse_routed.rpt"/>
  <File Type="ROUTE-CLK" Name="simpleAudioSystem_clock_utilization_routed.rpt"/>
  <File Type="POSTROUTE-PHYSOPT-DCP" Name="simpleAudioSystem_postroute_physopt.dcp"/>
  <File Type="POSTROUTE-PHYSOPT-BLACKBOX-DCP" Name="simpleAudioSystem_postroute_physopt_bb.dcp"/>
  <File Type="POSTROUTE-PHYSOPT-TIMING" Name="simpleAudioSystem_timing_summary_postroute_physopted.rpt"/>
  <File Type="POSTROUTE-PHYSOPT-TIMING-PB" Name="simpleAudioSystem_timing_summary_postroute_physopted.pb"/>
  <File Type="POSTROUTE-PHYSOPT-TIMING-RPX" Name="simpleAudioSystem_timing_summary_postroute_physopted.rpx"/>
  <File Type="BG-BIT" Name="simpleAudioSystem.bit"/>
  <File Type="BITSTR-RBT" Name="simpleAudioSystem.rbt"/>
  <File Type="BITSTR-NKY" Name="simpleAudioSystem.nky"/>
  <File Type="BITSTR-BMM" Name="simpleAudioSystem_bd.bmm"/>
  <File Type="BITSTR-MMI" Name="simpleAudioSystem.mmi"/>
  <File Type="BITSTR-SYSDEF" Name="simpleAudioSystem.sysdef"/>
  <File Type="WBT-USG" Name="usage_statistics_webtalk.html"/>
  <FileSet Name="sources" Type="DesignSrcs" RelSrcDir="$PSRCDIR/sources_1">
    <Filter Type="Srcs"/>
    <File Path="$PSRCDIR/sources_1/imports/new/gen_enables.vhd">
      <FileInfo>
        <Attr Name="ImportPath" Val="$PPRDIR/../Punto_1_test_ok/Proyecto_final_15_11/proyecto_final_13_11/proyecto_final_13_11/proyecto_final_08_11/proyecto_final/super_grabadora_atomica_de_la_muerte/super_grabadora_atomica_de_la_muerte.srcs/sources_1/new/gen_enables.vhd"/>
        <Attr Name="ImportTime" Val="1731576353"/>
        <Attr Name="UsedIn" Val="synthesis"/>
        <Attr Name="UsedIn" Val="simulation"/>
      </FileInfo>
    </File>
    <File Path="$PSRCDIR/sources_1/imports/new/packageDSED.vhd">
      <FileInfo>
        <Attr Name="ImportPath" Val="$PPRDIR/../Punto_1_test_ok/Proyecto_final_15_11/proyecto_final_13_11/proyecto_final_13_11/proyecto_final_08_11/proyecto_final/super_grabadora_atomica_de_la_muerte/super_grabadora_atomica_de_la_muerte.srcs/sources_1/new/packageDSED.vhd"/>
        <Attr Name="ImportTime" Val="1731576353"/>
        <Attr Name="UsedIn" Val="synthesis"/>
        <Attr Name="UsedIn" Val="simulation"/>
      </FileInfo>
    </File>
    <File Path="$PSRCDIR/sources_1/imports/new/inputMicrophone.vhd">
      <FileInfo>
        <Attr Name="ImportPath" Val="$PPRDIR/../Punto_1_test_ok/Proyecto_final_15_11/proyecto_final_13_11/proyecto_final_13_11/proyecto_final_08_11/proyecto_final/super_grabadora_atomica_de_la_muerte/super_grabadora_atomica_de_la_muerte.srcs/sources_1/new/inputMicrophone.vhd"/>
        <Attr Name="ImportTime" Val="1731576353"/>
        <Attr Name="UsedIn" Val="synthesis"/>
        <Attr Name="UsedIn" Val="simulation"/>
      </FileInfo>
    </File>
    <File Path="$PSRCDIR/sources_1/new/outputMicrophone.vhd">
      <FileInfo>
        <Attr Name="ImportPath" Val="$PPRDIR/../Punto_1_test_ok/Proyecto_final_15_11/Proyecto_final_ñapa_histórica/Proyecto_final_ñapa_histórica.srcs/sources_1/new/outputMicrophone.vhd"/>
        <Attr Name="ImportTime" Val="1731672180"/>
        <Attr Name="UsedIn" Val="synthesis"/>
        <Attr Name="UsedIn" Val="simulation"/>
      </FileInfo>
    </File>
    <File Path="$PSRCDIR/sources_1/new/audioInterface.vhd">
      <FileInfo>
        <Attr Name="ImportPath" Val="$PPRDIR/../Punto_1_test_ok/Proyecto_final_16_11/Proyecto_final_16_11.srcs/sources_1/new/audioInterface.vhd"/>
        <Attr Name="ImportTime" Val="1731714244"/>
        <Attr Name="UsedIn" Val="synthesis"/>
        <Attr Name="UsedIn" Val="simulation"/>
      </FileInfo>
    </File>
    <File Path="$PSRCDIR/sources_1/new/simpleAudioSystem.vhd">
      <FileInfo>
        <Attr Name="ImportPath" Val="$PPRDIR/../../../Documents/4 TELECO/DSED/Punto_1_test_ok/Punto_1_test_ok/Punto_1_test_ok.srcs/sources_1/new/simpleAudioSystem.vhd"/>
        <Attr Name="ImportTime" Val="1732110261"/>
        <Attr Name="UsedIn" Val="synthesis"/>
        <Attr Name="UsedIn" Val="simulation"/>
      </FileInfo>
    </File>
    <Config>
      <Option Name="DesignMode" Val="RTL"/>
      <Option Name="TopModule" Val="simpleAudioSystem"/>
    </Config>
  </FileSet>
  <FileSet Name="constrs_in" Type="Constrs" RelSrcDir="$PSRCDIR/constrs_1">
    <Filter Type="Constrs"/>
    <File Path="$PSRCDIR/constrs_1/imports/DSED/Nexys4DDR_Master.xdc">
      <FileInfo>
        <Attr Name="ImportPath" Val="$PPRDIR/../../../Documents/4 TELECO/DSED/Nexys4DDR_Master.xdc"/>
        <Attr Name="ImportTime" Val="1732109818"/>
        <Attr Name="UsedIn" Val="synthesis"/>
        <Attr Name="UsedIn" Val="implementation"/>
      </FileInfo>
    </File>
    <Config>
      <Option Name="ConstrsType" Val="XDC"/>
    </Config>
  </FileSet>
  <Strategy Version="1" Minor="2">
    <StratHandle Name="Vivado Implementation Defaults" Flow="Vivado Implementation 2017"/>
    <Step Id="init_design"/>
    <Step Id="opt_design"/>
    <Step Id="power_opt_design"/>
    <Step Id="place_design"/>
    <Step Id="post_place_power_opt_design"/>
    <Step Id="phys_opt_design"/>
    <Step Id="route_design"/>
    <Step Id="post_route_phys_opt_design"/>
    <Step Id="write_bitstream"/>
  </Strategy>
  <BlockFileSet Type="BlockSrcs" Name="clk_12Mhz"/>
</GenRun>
